"Country Name","Country Code","Indicator Name","Indicator Code","1960","1961","1962","1963","1964","1965","1966","1967","1968","1969","1970","1971","1972","1973","1974","1975","1976","1977","1978","1979","1980","1981","1982","1983","1984","1985","1986","1987","1988","1989","1990","1991","1992","1993","1994","1995","1996","1997","1998","1999","2000","2001","2002","2003","2004","2005","2006","2007","2008","2009","2010","2011","2012","2013","2014","2015","2016","2017","2018","2019",
"Aruba","ABW","Urban land area (sq. km)","AG.LND.TOTL.UR.K2","","","","","","","","","","","","","","","","","","","","","","","","","","","","","","","172.8477478","","","","","","","","","","172.8477478","","","","","","","","","","172.8477478","","","","","","","","","",
"Afghanistan","AFG","Urban land area (sq. km)","AG.LND.TOTL.UR.K2","","","","","","","","","","","","","","","","","","","","","","","","","","","","","","","","","","","","","","","","","","","","","","","","","","","","","","","","","","","","",
"Angola","AGO","Urban land area (sq. km)","AG.LND.TOTL.UR.K2","","","","","","","","","","","","","","","","","","","","","","","","","","","","","","","1427.029541","","","","","","","","","","1427.029541","","","","","","","","","","1427.029541","","","","","","","","","",
"Albania","ALB","Urban land area (sq. km)","AG.LND.TOTL.UR.K2","","","","","","","","","","","","","","","","","","","","","","","","","","","","","","","1689.403809","","","","","","","","","","1689.403809","","","","","","","","","","1689.403809","","","","","","","","","",
"Andorra","AND","Urban land area (sq. km)","AG.LND.TOTL.UR.K2","","","","","","","","","","","","","","","","","","","","","","","","","","","","","","","","","","","","","","","","","","","","","","","","","","","","","","","","","","","","",
"Arab World","ARB","Urban land area (sq. km)","AG.LND.TOTL.UR.K2","","","","","","","","","","","","","","","","","","","","","","","","","","","","","","","193254.6570712","","","","","","","","","","193254.6570712","","","","","","","","","","193254.6570712","","","","","","","","","",
"United Arab Emirates","ARE","Urban land area (sq. km)","AG.LND.TOTL.UR.K2","","","","","","","","","","","","","","","","","","","","","","","","","","","","","","","8568.158203","","","","","","","","","","8568.158203","","","","","","","","","","8568.158203","","","","","","","","","",
"Argentina","ARG","Urban land area (sq. km)","AG.LND.TOTL.UR.K2","","","","","","","","","","","","","","","","","","","","","","","","","","","","","","","55032.20313","","","","","","","","","","55032.20313","","","","","","","","","","55032.20313","","","","","","","","","",
"Armenia","ARM","Urban land area (sq. km)","AG.LND.TOTL.UR.K2","","","","","","","","","","","","","","","","","","","","","","","","","","","","","","","","","","","","","","","","","","","","","","","","","","","","","","","","","","","","",
"American Samoa","ASM","Urban land area (sq. km)","AG.LND.TOTL.UR.K2","","","","","","","","","","","","","","","","","","","","","","","","","","","","","","","116.1668701","","","","","","","","","","116.1668701","","","","","","","","","","116.1668701","","","","","","","","","",
"Antigua and Barbuda","ATG","Urban land area (sq. km)","AG.LND.TOTL.UR.K2","","","","","","","","","","","","","","","","","","","","","","","","","","","","","","","266.2775574","","","","","","","","","","266.2775574","","","","","","","","","","266.2775574","","","","","","","","","",
"Australia","AUS","Urban land area (sq. km)","AG.LND.TOTL.UR.K2","","","","","","","","","","","","","","","","","","","","","","","","","","","","","","","36745.70313","","","","","","","","","","36745.70313","","","","","","","","","","36745.70313","","","","","","","","","",
"Austria","AUT","Urban land area (sq. km)","AG.LND.TOTL.UR.K2","","","","","","","","","","","","","","","","","","","","","","","","","","","","","","","","","","","","","","","","","","","","","","","","","","","","","","","","","","","","",
"Azerbaijan","AZE","Urban land area (sq. km)","AG.LND.TOTL.UR.K2","","","","","","","","","","","","","","","","","","","","","","","","","","","","","","","","","","","","","","","","","","","","","","","","","","","","","","","","","","","","",
"Burundi","BDI","Urban land area (sq. km)","AG.LND.TOTL.UR.K2","","","","","","","","","","","","","","","","","","","","","","","","","","","","","","","","","","","","","","","","","","","","","","","","","","","","","","","","","","","","",
"Belgium","BEL","Urban land area (sq. km)","AG.LND.TOTL.UR.K2","","","","","","","","","","","","","","","","","","","","","","","","","","","","","","","12349.22852","","","","","","","","","","12349.22852","","","","","","","","","","12349.22852","","","","","","","","","",
"Benin","BEN","Urban land area (sq. km)","AG.LND.TOTL.UR.K2","","","","","","","","","","","","","","","","","","","","","","","","","","","","","","","1447.184937","","","","","","","","","","1447.184937","","","","","","","","","","1447.184937","","","","","","","","","",
"Burkina Faso","BFA","Urban land area (sq. km)","AG.LND.TOTL.UR.K2","","","","","","","","","","","","","","","","","","","","","","","","","","","","","","","","","","","","","","","","","","","","","","","","","","","","","","","","","","","","",
"Bangladesh","BGD","Urban land area (sq. km)","AG.LND.TOTL.UR.K2","","","","","","","","","","","","","","","","","","","","","","","","","","","","","","","11125.3916","","","","","","","","","","11125.3916","","","","","","","","","","11125.3916","","","","","","","","","",
"Bulgaria","BGR","Urban land area (sq. km)","AG.LND.TOTL.UR.K2","","","","","","","","","","","","","","","","","","","","","","","","","","","","","","","6678.94043","","","","","","","","","","6678.94043","","","","","","","","","","6678.94043","","","","","","","","","",
"Bahrain","BHR","Urban land area (sq. km)","AG.LND.TOTL.UR.K2","","","","","","","","","","","","","","","","","","","","","","","","","","","","","","","549.2779541","","","","","","","","","","549.2779541","","","","","","","","","","549.2779541","","","","","","","","","",
"Bahamas, The","BHS","Urban land area (sq. km)","AG.LND.TOTL.UR.K2","","","","","","","","","","","","","","","","","","","","","","","","","","","","","","","425.8963623","","","","","","","","","","425.8963623","","","","","","","","","","425.8963623","","","","","","","","","",
"Bosnia and Herzegovina","BIH","Urban land area (sq. km)","AG.LND.TOTL.UR.K2","","","","","","","","","","","","","","","","","","","","","","","","","","","","","","","1723.146729","","","","","","","","","","1723.146729","","","","","","","","","","1723.146729","","","","","","","","","",
"Belarus","BLR","Urban land area (sq. km)","AG.LND.TOTL.UR.K2","","","","","","","","","","","","","","","","","","","","","","","","","","","","","","","7783.031738","","","","","","","","","","7783.031738","","","","","","","","","","7783.031738","","","","","","","","","",
"Belize","BLZ","Urban land area (sq. km)","AG.LND.TOTL.UR.K2","","","","","","","","","","","","","","","","","","","","","","","","","","","","","","","508.0564575","","","","","","","","","","508.0564575","","","","","","","","","","508.0564575","","","","","","","","","",
"Bermuda","BMU","Urban land area (sq. km)","AG.LND.TOTL.UR.K2","","","","","","","","","","","","","","","","","","","","","","","","","","","","","","","38.61519241","","","","","","","","","","38.61519241","","","","","","","","","","38.61519241","","","","","","","","","",
"Bolivia","BOL","Urban land area (sq. km)","AG.LND.TOTL.UR.K2","","","","","","","","","","","","","","","","","","","","","","","","","","","","","","","","","","","","","","","","","","","","","","","","","","","","","","","","","","","","",
"Brazil","BRA","Urban land area (sq. km)","AG.LND.TOTL.UR.K2","","","","","","","","","","","","","","","","","","","","","","","","","","","","","","","134981.375","","","","","","","","","","134981.375","","","","","","","","","","134981.375","","","","","","","","","",
"Barbados","BRB","Urban land area (sq. km)","AG.LND.TOTL.UR.K2","","","","","","","","","","","","","","","","","","","","","","","","","","","","","","","420.3754272","","","","","","","","","","420.3754272","","","","","","","","","","420.3754272","","","","","","","","","",
"Brunei Darussalam","BRN","Urban land area (sq. km)","AG.LND.TOTL.UR.K2","","","","","","","","","","","","","","","","","","","","","","","","","","","","","","","1017.068604","","","","","","","","","","1017.068604","","","","","","","","","","1017.068604","","","","","","","","","",
"Bhutan","BTN","Urban land area (sq. km)","AG.LND.TOTL.UR.K2","","","","","","","","","","","","","","","","","","","","","","","","","","","","","","","","","","","","","","","","","","","","","","","","","","","","","","","","","","","","",
"Botswana","BWA","Urban land area (sq. km)","AG.LND.TOTL.UR.K2","","","","","","","","","","","","","","","","","","","","","","","","","","","","","","","","","","","","","","","","","","","","","","","","","","","","","","","","","","","","",
"Central African Republic","CAF","Urban land area (sq. km)","AG.LND.TOTL.UR.K2","","","","","","","","","","","","","","","","","","","","","","","","","","","","","","","","","","","","","","","","","","","","","","","","","","","","","","","","","","","","",
"Canada","CAN","Urban land area (sq. km)","AG.LND.TOTL.UR.K2","","","","","","","","","","","","","","","","","","","","","","","","","","","","","","","126511.1641","","","","","","","","","","126511.1641","","","","","","","","","","126511.1641","","","","","","","","","",
"Central Europe and the Baltics","CEB","Urban land area (sq. km)","AG.LND.TOTL.UR.K2","","","","","","","","","","","","","","","","","","","","","","","","","","","","","","","71091.078125","","","","","","","","","","71091.078125","","","","","","","","","","71091.078125","","","","","","","","","",
"Switzerland","CHE","Urban land area (sq. km)","AG.LND.TOTL.UR.K2","","","","","","","","","","","","","","","","","","","","","","","","","","","","","","","7898.148926","","","","","","","","","","7898.148926","","","","","","","","","","7898.148926","","","","","","","","","",
"Channel Islands","CHI","Urban land area (sq. km)","AG.LND.TOTL.UR.K2","","","","","","","","","","","","","","","","","","","","","","","","","","","","","","","","","","","","","","","","","","","","","","","","","","","","","","","","","","","","",
"Chile","CHL","Urban land area (sq. km)","AG.LND.TOTL.UR.K2","","","","","","","","","","","","","","","","","","","","","","","","","","","","","","","12027.5166","","","","","","","","","","12027.5166","","","","","","","","","","12027.5166","","","","","","","","","",
"China","CHN","Urban land area (sq. km)","AG.LND.TOTL.UR.K2","","","","","","","","","","","","","","","","","","","","","","","","","","","","","","","380679.3","","","","","","","","","","380679.3","","","","","","","","","","380679.3","","","","","","","","","",
"Cote d'Ivoire","CIV","Urban land area (sq. km)","AG.LND.TOTL.UR.K2","","","","","","","","","","","","","","","","","","","","","","","","","","","","","","","3466.161621","","","","","","","","","","3466.161621","","","","","","","","","","3466.161621","","","","","","","","","",
"Cameroon","CMR","Urban land area (sq. km)","AG.LND.TOTL.UR.K2","","","","","","","","","","","","","","","","","","","","","","","","","","","","","","","3680.405762","","","","","","","","","","3680.405762","","","","","","","","","","3680.405762","","","","","","","","","",
"Congo, Dem. Rep.","COD","Urban land area (sq. km)","AG.LND.TOTL.UR.K2","","","","","","","","","","","","","","","","","","","","","","","","","","","","","","","9061.722656","","","","","","","","","","9061.722656","","","","","","","","","","9061.722656","","","","","","","","","",
"Congo, Rep.","COG","Urban land area (sq. km)","AG.LND.TOTL.UR.K2","","","","","","","","","","","","","","","","","","","","","","","","","","","","","","","1087.161865","","","","","","","","","","1087.161865","","","","","","","","","","1087.161865","","","","","","","","","",
"Colombia","COL","Urban land area (sq. km)","AG.LND.TOTL.UR.K2","","","","","","","","","","","","","","","","","","","","","","","","","","","","","","","36132.13672","","","","","","","","","","36132.13672","","","","","","","","","","36132.13672","","","","","","","","","",
"Comoros","COM","Urban land area (sq. km)","AG.LND.TOTL.UR.K2","","","","","","","","","","","","","","","","","","","","","","","","","","","","","","","196.407196","","","","","","","","","","196.407196","","","","","","","","","","196.407196","","","","","","","","","",
"Cabo Verde","CPV","Urban land area (sq. km)","AG.LND.TOTL.UR.K2","","","","","","","","","","","","","","","","","","","","","","","","","","","","","","","180.3818817","","","","","","","","","","180.3818817","","","","","","","","","","180.3818817","","","","","","","","","",
"Costa Rica","CRI","Urban land area (sq. km)","AG.LND.TOTL.UR.K2","","","","","","","","","","","","","","","","","","","","","","","","","","","","","","","4051.562988","","","","","","","","","","4051.562988","","","","","","","","","","4051.562988","","","","","","","","","",
"Caribbean small states","CSS","Urban land area (sq. km)","AG.LND.TOTL.UR.K2","","","","","","","","","","","","","","","","","","","","","","","","","","","","","","","9341.8206331","","","","","","","","","","9341.8206331","","","","","","","","","","9341.8206331","","","","","","","","","",
"Cuba","CUB","Urban land area (sq. km)","AG.LND.TOTL.UR.K2","","","","","","","","","","","","","","","","","","","","","","","","","","","","","","","9572.447266","","","","","","","","","","9572.447266","","","","","","","","","","9572.447266","","","","","","","","","",
"Curacao","CUW","Urban land area (sq. km)","AG.LND.TOTL.UR.K2","","","","","","","","","","","","","","","","","","","","","","","","","","","","","","","","","","","","","","","","","","","","","","","","","","","","","","","","","","","","",
"Cayman Islands","CYM","Urban land area (sq. km)","AG.LND.TOTL.UR.K2","","","","","","","","","","","","","","","","","","","","","","","","","","","","","","","160.9671021","","","","","","","","","","160.9671021","","","","","","","","","","160.9671021","","","","","","","","","",
"Cyprus","CYP","Urban land area (sq. km)","AG.LND.TOTL.UR.K2","","","","","","","","","","","","","","","","","","","","","","","","","","","","","","","2280.400391","","","","","","","","","","2280.400391","","","","","","","","","","2280.400391","","","","","","","","","",
"Czech Republic","CZE","Urban land area (sq. km)","AG.LND.TOTL.UR.K2","","","","","","","","","","","","","","","","","","","","","","","","","","","","","","","","","","","","","","","","","","","","","","","","","","","","","","","","","","","","",
"Germany","DEU","Urban land area (sq. km)","AG.LND.TOTL.UR.K2","","","","","","","","","","","","","","","","","","","","","","","","","","","","","","","62374.19922","","","","","","","","","","62374.19922","","","","","","","","","","62374.19922","","","","","","","","","",
"Djibouti","DJI","Urban land area (sq. km)","AG.LND.TOTL.UR.K2","","","","","","","","","","","","","","","","","","","","","","","","","","","","","","","149.8288422","","","","","","","","","","149.8288422","","","","","","","","","","149.8288422","","","","","","","","","",
"Dominica","DMA","Urban land area (sq. km)","AG.LND.TOTL.UR.K2","","","","","","","","","","","","","","","","","","","","","","","","","","","","","","","251.302948","","","","","","","","","","251.302948","","","","","","","","","","251.302948","","","","","","","","","",
"Denmark","DNK","Urban land area (sq. km)","AG.LND.TOTL.UR.K2","","","","","","","","","","","","","","","","","","","","","","","","","","","","","","","9295.174805","","","","","","","","","","9295.174805","","","","","","","","","","9295.174805","","","","","","","","","",
"Dominican Republic","DOM","Urban land area (sq. km)","AG.LND.TOTL.UR.K2","","","","","","","","","","","","","","","","","","","","","","","","","","","","","","","5089.375977","","","","","","","","","","5089.375977","","","","","","","","","","5089.375977","","","","","","","","","",
"Algeria","DZA","Urban land area (sq. km)","AG.LND.TOTL.UR.K2","","","","","","","","","","","","","","","","","","","","","","","","","","","","","","","30195.79688","","","","","","","","","","30195.79688","","","","","","","","","","30195.79688","","","","","","","","","",
"East Asia & Pacific (excluding high income)","EAP","Urban land area (sq. km)","AG.LND.TOTL.UR.K2","","","","","","","","","","","","","","","","","","","","","","","","","","","","","","","509743.364759035","","","","","","","","","","509743.364759035","","","","","","","","","","509743.364759035","","","","","","","","","",
"Early-demographic dividend","EAR","Urban land area (sq. km)","AG.LND.TOTL.UR.K2","","","","","","","","","","","","","","","","","","","","","","","","","","","","","","","895934.126237805","","","","","","","","","","895934.126237805","","","","","","","","","","895934.126237805","","","","","","","","","",
"East Asia & Pacific","EAS","Urban land area (sq. km)","AG.LND.TOTL.UR.K2","","","","","","","","","","","","","","","","","","","","","","","","","","","","","","","701588.054975745","","","","","","","","","","701588.054975745","","","","","","","","","","701588.054975745","","","","","","","","","",
"Europe & Central Asia (excluding high income)","ECA","Urban land area (sq. km)","AG.LND.TOTL.UR.K2","","","","","","","","","","","","","","","","","","","","","","","","","","","","","","","306135.406946","","","","","","","","","","306135.406946","","","","","","","","","","306135.406946","","","","","","","","","",
"Europe & Central Asia","ECS","Urban land area (sq. km)","AG.LND.TOTL.UR.K2","","","","","","","","","","","","","","","","","","","","","","","","","","","","","","","861358.862808861","","","","","","","","","","861358.862808861","","","","","","","","","","861358.862808861","","","","","","","","","",
"Ecuador","ECU","Urban land area (sq. km)","AG.LND.TOTL.UR.K2","","","","","","","","","","","","","","","","","","","","","","","","","","","","","","","10905.65137","","","","","","","","","","10905.65137","","","","","","","","","","10905.65137","","","","","","","","","",
"Egypt, Arab Rep.","EGY","Urban land area (sq. km)","AG.LND.TOTL.UR.K2","","","","","","","","","","","","","","","","","","","","","","","","","","","","","","","24270.23242","","","","","","","","","","24270.23242","","","","","","","","","","24270.23242","","","","","","","","","",
"Euro area","EMU","Urban land area (sq. km)","AG.LND.TOTL.UR.K2","","","","","","","","","","","","","","","","","","","","","","","","","","","","","","","390687.3583709","","","","","","","","","","390687.3583709","","","","","","","","","","390687.3583709","","","","","","","","","",
"Eritrea","ERI","Urban land area (sq. km)","AG.LND.TOTL.UR.K2","","","","","","","","","","","","","","","","","","","","","","","","","","","","","","","366.6149292","","","","","","","","","","366.6149292","","","","","","","","","","366.6149292","","","","","","","","","",
"Spain","ESP","Urban land area (sq. km)","AG.LND.TOTL.UR.K2","","","","","","","","","","","","","","","","","","","","","","","","","","","","","","","69794.58594","","","","","","","","","","69794.58594","","","","","","","","","","69794.58594","","","","","","","","","",
"Estonia","EST","Urban land area (sq. km)","AG.LND.TOTL.UR.K2","","","","","","","","","","","","","","","","","","","","","","","","","","","","","","","2614.681396","","","","","","","","","","2614.681396","","","","","","","","","","2614.681396","","","","","","","","","",
"Ethiopia","ETH","Urban land area (sq. km)","AG.LND.TOTL.UR.K2","","","","","","","","","","","","","","","","","","","","","","","","","","","","","","","5166.71582","","","","","","","","","","5166.71582","","","","","","","","","","5166.71582","","","","","","","","","",
"European Union","EUU","Urban land area (sq. km)","AG.LND.TOTL.UR.K2","","","","","","","","","","","","","","","","","","","","","","","","","","","","","","","547911.4706739","","","","","","","","","","547911.4706739","","","","","","","","","","547911.4706739","","","","","","","","","",
"Fragile and conflict affected situations","FCS","Urban land area (sq. km)","AG.LND.TOTL.UR.K2","","","","","","","","","","","","","","","","","","","","","","","","","","","","","","","84135.122638635","","","","","","","","","","84135.122638635","","","","","","","","","","84135.122638635","","","","","","","","","",
"Finland","FIN","Urban land area (sq. km)","AG.LND.TOTL.UR.K2","","","","","","","","","","","","","","","","","","","","","","","","","","","","","","","20052.17383","","","","","","","","","","20052.17383","","","","","","","","","","20052.17383","","","","","","","","","",
"Fiji","FJI","Urban land area (sq. km)","AG.LND.TOTL.UR.K2","","","","","","","","","","","","","","","","","","","","","","","","","","","","","","","1746.58667","","","","","","","","","","1746.58667","","","","","","","","","","1746.58667","","","","","","","","","",
"France","FRA","Urban land area (sq. km)","AG.LND.TOTL.UR.K2","","","","","","","","","","","","","","","","","","","","","","","","","","","","","","","86463.0625","","","","","","","","","","86463.0625","","","","","","","","","","86463.0625","","","","","","","","","",
"Faroe Islands","FRO","Urban land area (sq. km)","AG.LND.TOTL.UR.K2","","","","","","","","","","","","","","","","","","","","","","","","","","","","","","","335.4758301","","","","","","","","","","335.4758301","","","","","","","","","","335.4758301","","","","","","","","","",
"Micronesia, Fed. Sts.","FSM","Urban land area (sq. km)","AG.LND.TOTL.UR.K2","","","","","","","","","","","","","","","","","","","","","","","","","","","","","","","243.1120605","","","","","","","","","","243.1120605","","","","","","","","","","243.1120605","","","","","","","","","",
"Gabon","GAB","Urban land area (sq. km)","AG.LND.TOTL.UR.K2","","","","","","","","","","","","","","","","","","","","","","","","","","","","","","","836.4829102","","","","","","","","","","836.4829102","","","","","","","","","","836.4829102","","","","","","","","","",
"United Kingdom","GBR","Urban land area (sq. km)","AG.LND.TOTL.UR.K2","","","","","","","","","","","","","","","","","","","","","","","","","","","","","","","58698.75","","","","","","","","","","58698.75","","","","","","","","","","58698.75","","","","","","","","","",
"Georgia","GEO","Urban land area (sq. km)","AG.LND.TOTL.UR.K2","","","","","","","","","","","","","","","","","","","","","","","","","","","","","","","3602.762939","","","","","","","","","","3602.762939","","","","","","","","","","3602.762939","","","","","","","","","",
"Ghana","GHA","Urban land area (sq. km)","AG.LND.TOTL.UR.K2","","","","","","","","","","","","","","","","","","","","","","","","","","","","","","","6239.439453","","","","","","","","","","6239.439453","","","","","","","","","","6239.439453","","","","","","","","","",
"Gibraltar","GIB","Urban land area (sq. km)","AG.LND.TOTL.UR.K2","","","","","","","","","","","","","","","","","","","","","","","","","","","","","","","4.473595619","","","","","","","","","","4.473595619","","","","","","","","","","4.473595619","","","","","","","","","",
"Guinea","GIN","Urban land area (sq. km)","AG.LND.TOTL.UR.K2","","","","","","","","","","","","","","","","","","","","","","","","","","","","","","","1473.595703","","","","","","","","","","1473.595703","","","","","","","","","","1473.595703","","","","","","","","","",
"Gambia, The","GMB","Urban land area (sq. km)","AG.LND.TOTL.UR.K2","","","","","","","","","","","","","","","","","","","","","","","","","","","","","","","446.1829224","","","","","","","","","","446.1829224","","","","","","","","","","446.1829224","","","","","","","","","",
"Guinea-Bissau","GNB","Urban land area (sq. km)","AG.LND.TOTL.UR.K2","","","","","","","","","","","","","","","","","","","","","","","","","","","","","","","306.3417664","","","","","","","","","","306.3417664","","","","","","","","","","306.3417664","","","","","","","","","",
"Equatorial Guinea","GNQ","Urban land area (sq. km)","AG.LND.TOTL.UR.K2","","","","","","","","","","","","","","","","","","","","","","","","","","","","","","","97.47089386","","","","","","","","","","97.47089386","","","","","","","","","","97.47089386","","","","","","","","","",
"Greece","GRC","Urban land area (sq. km)","AG.LND.TOTL.UR.K2","","","","","","","","","","","","","","","","","","","","","","","","","","","","","","","18519.16406","","","","","","","","","","18519.16406","","","","","","","","","","18519.16406","","","","","","","","","",
"Grenada","GRD","Urban land area (sq. km)","AG.LND.TOTL.UR.K2","","","","","","","","","","","","","","","","","","","","","","","","","","","","","","","169.5156097","","","","","","","","","","169.5156097","","","","","","","","","","169.5156097","","","","","","","","","",
"Greenland","GRL","Urban land area (sq. km)","AG.LND.TOTL.UR.K2","","","","","","","","","","","","","","","","","","","","","","","","","","","","","","","33.34839249","","","","","","","","","","33.34839249","","","","","","","","","","33.34839249","","","","","","","","","",
"Guatemala","GTM","Urban land area (sq. km)","AG.LND.TOTL.UR.K2","","","","","","","","","","","","","","","","","","","","","","","","","","","","","","","4132.351074","","","","","","","","","","4132.351074","","","","","","","","","","4132.351074","","","","","","","","","",
"Guam","GUM","Urban land area (sq. km)","AG.LND.TOTL.UR.K2","","","","","","","","","","","","","","","","","","","","","","","","","","","","","","","515.956604","","","","","","","","","","515.956604","","","","","","","","","","515.956604","","","","","","","","","",
"Guyana","GUY","Urban land area (sq. km)","AG.LND.TOTL.UR.K2","","","","","","","","","","","","","","","","","","","","","","","","","","","","","","","626.756958","","","","","","","","","","626.756958","","","","","","","","","","626.756958","","","","","","","","","",
"High income","HIC","Urban land area (sq. km)","AG.LND.TOTL.UR.K2","","","","","","","","","","","","","","","","","","","","","","","","","","","","","","","1776371.85987621","","","","","","","","","","1776371.85987621","","","","","","","","","","1776371.85987621","","","","","","","","","",
"Hong Kong SAR, China","HKG","Urban land area (sq. km)","AG.LND.TOTL.UR.K2","","","","","","","","","","","","","","","","","","","","","","","","","","","","","","","901.5428467","","","","","","","","","","901.5428467","","","","","","","","","","901.5428467","","","","","","","","","",
"Honduras","HND","Urban land area (sq. km)","AG.LND.TOTL.UR.K2","","","","","","","","","","","","","","","","","","","","","","","","","","","","","","","3702.359375","","","","","","","","","","3702.359375","","","","","","","","","","3702.359375","","","","","","","","","",
"Heavily indebted poor countries (HIPC)","HPC","Urban land area (sq. km)","AG.LND.TOTL.UR.K2","","","","","","","","","","","","","","","","","","","","","","","","","","","","","","","66416.76365687","","","","","","","","","","66416.76365687","","","","","","","","","","66416.76365687","","","","","","","","","",
"Croatia","HRV","Urban land area (sq. km)","AG.LND.TOTL.UR.K2","","","","","","","","","","","","","","","","","","","","","","","","","","","","","","","5302.795898","","","","","","","","","","5302.795898","","","","","","","","","","5302.795898","","","","","","","","","",
"Haiti","HTI","Urban land area (sq. km)","AG.LND.TOTL.UR.K2","","","","","","","","","","","","","","","","","","","","","","","","","","","","","","","764.3450928","","","","","","","","","","764.3450928","","","","","","","","","","764.3450928","","","","","","","","","",
"Hungary","HUN","Urban land area (sq. km)","AG.LND.TOTL.UR.K2","","","","","","","","","","","","","","","","","","","","","","","","","","","","","","","","","","","","","","","","","","","","","","","","","","","","","","","","","","","","",
"IBRD only","IBD","Urban land area (sq. km)","AG.LND.TOTL.UR.K2","","","","","","","","","","","","","","","","","","","","","","","","","","","","","","","1727536.98909144","","","","","","","","","","1727536.98909144","","","","","","","","","","1727536.98909144","","","","","","","","","",
"IDA & IBRD total","IBT","Urban land area (sq. km)","AG.LND.TOTL.UR.K2","","","","","","","","","","","","","","","","","","","","","","","","","","","","","","","1896762.06174701","","","","","","","","","","1896762.06174701","","","","","","","","","","1896762.06174701","","","","","","","","","",
"IDA total","IDA","Urban land area (sq. km)","AG.LND.TOTL.UR.K2","","","","","","","","","","","","","","","","","","","","","","","","","","","","","","","169225.072655575","","","","","","","","","","169225.072655575","","","","","","","","","","169225.072655575","","","","","","","","","",
"IDA blend","IDB","Urban land area (sq. km)","AG.LND.TOTL.UR.K2","","","","","","","","","","","","","","","","","","","","","","","","","","","","","","","69804.5886933","","","","","","","","","","69804.5886933","","","","","","","","","","69804.5886933","","","","","","","","","",
"Indonesia","IDN","Urban land area (sq. km)","AG.LND.TOTL.UR.K2","","","","","","","","","","","","","","","","","","","","","","","","","","","","","","","42076.82813","","","","","","","","","","42076.82813","","","","","","","","","","42076.82813","","","","","","","","","",
"IDA only","IDX","Urban land area (sq. km)","AG.LND.TOTL.UR.K2","","","","","","","","","","","","","","","","","","","","","","","","","","","","","","","99420.483962275","","","","","","","","","","99420.483962275","","","","","","","","","","99420.483962275","","","","","","","","","",
"Isle of Man","IMN","Urban land area (sq. km)","AG.LND.TOTL.UR.K2","","","","","","","","","","","","","","","","","","","","","","","","","","","","","","","241.8645325","","","","","","","","","","241.8645325","","","","","","","","","","241.8645325","","","","","","","","","",
"India","IND","Urban land area (sq. km)","AG.LND.TOTL.UR.K2","","","","","","","","","","","","","","","","","","","","","","","","","","","","","","","222688.2344","","","","","","","","","","222688.2344","","","","","","","","","","222688.2344","","","","","","","","","",
"Not classified","INX","Urban land area (sq. km)","AG.LND.TOTL.UR.K2","","","","","","","","","","","","","","","","","","","","","","","","","","","","","","","","","","","","","","","","","","","","","","","","","","","","","","","","","","","","",
"Ireland","IRL","Urban land area (sq. km)","AG.LND.TOTL.UR.K2","","","","","","","","","","","","","","","","","","","","","","","","","","","","","","","5638.355957","","","","","","","","","","5638.355957","","","","","","","","","","5638.355957","","","","","","","","","",
"Iran, Islamic Rep.","IRN","Urban land area (sq. km)","AG.LND.TOTL.UR.K2","","","","","","","","","","","","","","","","","","","","","","","","","","","","","","","69242.76563","","","","","","","","","","69242.76563","","","","","","","","","","69242.76563","","","","","","","","","",
"Iraq","IRQ","Urban land area (sq. km)","AG.LND.TOTL.UR.K2","","","","","","","","","","","","","","","","","","","","","","","","","","","","","","","12429.91504","","","","","","","","","","12429.91504","","","","","","","","","","12429.91504","","","","","","","","","",
"Iceland","ISL","Urban land area (sq. km)","AG.LND.TOTL.UR.K2","","","","","","","","","","","","","","","","","","","","","","","","","","","","","","","1023.837036","","","","","","","","","","1023.837036","","","","","","","","","","1023.837036","","","","","","","","","",
"Israel","ISR","Urban land area (sq. km)","AG.LND.TOTL.UR.K2","","","","","","","","","","","","","","","","","","","","","","","","","","","","","","","6399.019531","","","","","","","","","","6399.019531","","","","","","","","","","6399.019531","","","","","","","","","",
"Italy","ITA","Urban land area (sq. km)","AG.LND.TOTL.UR.K2","","","","","","","","","","","","","","","","","","","","","","","","","","","","","","","73540.88281","","","","","","","","","","73540.88281","","","","","","","","","","73540.88281","","","","","","","","","",
"Jamaica","JAM","Urban land area (sq. km)","AG.LND.TOTL.UR.K2","","","","","","","","","","","","","","","","","","","","","","","","","","","","","","","3000.631592","","","","","","","","","","3000.631592","","","","","","","","","","3000.631592","","","","","","","","","",
"Jordan","JOR","Urban land area (sq. km)","AG.LND.TOTL.UR.K2","","","","","","","","","","","","","","","","","","","","","","","","","","","","","","","3383.973877","","","","","","","","","","3383.973877","","","","","","","","","","3383.973877","","","","","","","","","",
"Japan","JPN","Urban land area (sq. km)","AG.LND.TOTL.UR.K2","","","","","","","","","","","","","","","","","","","","","","","","","","","","","","","108678.2422","","","","","","","","","","108678.2422","","","","","","","","","","108678.2422","","","","","","","","","",
"Kazakhstan","KAZ","Urban land area (sq. km)","AG.LND.TOTL.UR.K2","","","","","","","","","","","","","","","","","","","","","","","","","","","","","","","","","","","","","","","","","","","","","","","","","","","","","","","","","","","","",
"Kenya","KEN","Urban land area (sq. km)","AG.LND.TOTL.UR.K2","","","","","","","","","","","","","","","","","","","","","","","","","","","","","","","4187.614746","","","","","","","","","","4187.614746","","","","","","","","","","4187.614746","","","","","","","","","",
"Kyrgyz Republic","KGZ","Urban land area (sq. km)","AG.LND.TOTL.UR.K2","","","","","","","","","","","","","","","","","","","","","","","","","","","","","","","","","","","","","","","","","","","","","","","","","","","","","","","","","","","","",
"Cambodia","KHM","Urban land area (sq. km)","AG.LND.TOTL.UR.K2","","","","","","","","","","","","","","","","","","","","","","","","","","","","","","","1152.062866","","","","","","","","","","1152.062866","","","","","","","","","","1152.062866","","","","","","","","","",
"Kiribati","KIR","Urban land area (sq. km)","AG.LND.TOTL.UR.K2","","","","","","","","","","","","","","","","","","","","","","","","","","","","","","","3.643230915","","","","","","","","","","3.643230915","","","","","","","","","","3.643230915","","","","","","","","","",
"St. Kitts and Nevis","KNA","Urban land area (sq. km)","AG.LND.TOTL.UR.K2","","","","","","","","","","","","","","","","","","","","","","","","","","","","","","","230.6646423","","","","","","","","","","230.6646423","","","","","","","","","","230.6646423","","","","","","","","","",
"Korea, Rep.","KOR","Urban land area (sq. km)","AG.LND.TOTL.UR.K2","","","","","","","","","","","","","","","","","","","","","","","","","","","","","","","21922.01563","","","","","","","","","","21922.01563","","","","","","","","","","21922.01563","","","","","","","","","",
"Kuwait","KWT","Urban land area (sq. km)","AG.LND.TOTL.UR.K2","","","","","","","","","","","","","","","","","","","","","","","","","","","","","","","3942.298828","","","","","","","","","","3942.298828","","","","","","","","","","3942.298828","","","","","","","","","",
"Latin America & Caribbean (excluding high income)","LAC","Urban land area (sq. km)","AG.LND.TOTL.UR.K2","","","","","","","","","","","","","","","","","","","","","","","","","","","","","","","429804.1172987","","","","","","","","","","429804.1172987","","","","","","","","","","429804.1172987","","","","","","","","","",
"Lao PDR","LAO","Urban land area (sq. km)","AG.LND.TOTL.UR.K2","","","","","","","","","","","","","","","","","","","","","","","","","","","","","","","1018.75415","","","","","","","","","","1018.75415","","","","","","","","","","1018.75415","","","","","","","","","",
"Lebanon","LBN","Urban land area (sq. km)","AG.LND.TOTL.UR.K2","","","","","","","","","","","","","","","","","","","","","","","","","","","","","","","2317.423828","","","","","","","","","","2317.423828","","","","","","","","","","2317.423828","","","","","","","","","",
"Liberia","LBR","Urban land area (sq. km)","AG.LND.TOTL.UR.K2","","","","","","","","","","","","","","","","","","","","","","","","","","","","","","","434.2752991","","","","","","","","","","434.2752991","","","","","","","","","","434.2752991","","","","","","","","","",
"Libya","LBY","Urban land area (sq. km)","AG.LND.TOTL.UR.K2","","","","","","","","","","","","","","","","","","","","","","","","","","","","","","","10082.89258","","","","","","","","","","10082.89258","","","","","","","","","","10082.89258","","","","","","","","","",
"St. Lucia","LCA","Urban land area (sq. km)","AG.LND.TOTL.UR.K2","","","","","","","","","","","","","","","","","","","","","","","","","","","","","","","351.2103882","","","","","","","","","","351.2103882","","","","","","","","","","351.2103882","","","","","","","","","",
"Latin America & Caribbean","LCN","Urban land area (sq. km)","AG.LND.TOTL.UR.K2","","","","","","","","","","","","","","","","","","","","","","","","","","","","","","","462259.61201613","","","","","","","","","","462259.61201613","","","","","","","","","","462259.61201613","","","","","","","","","",
"Least developed countries: UN classification","LDC","Urban land area (sq. km)","AG.LND.TOTL.UR.K2","","","","","","","","","","","","","","","","","","","","","","","","","","","","","","","71801.567385675","","","","","","","","","","71801.567385675","","","","","","","","","","71801.567385675","","","","","","","","","",
"Low income","LIC","Urban land area (sq. km)","AG.LND.TOTL.UR.K2","","","","","","","","","","","","","","","","","","","","","","","","","","","","","","","54384.3591358","","","","","","","","","","54384.3591358","","","","","","","","","","54384.3591358","","","","","","","","","",
"Liechtenstein","LIE","Urban land area (sq. km)","AG.LND.TOTL.UR.K2","","","","","","","","","","","","","","","","","","","","","","","","","","","","","","","","","","","","","","","","","","","","","","","","","","","","","","","","","","","","",
"Sri Lanka","LKA","Urban land area (sq. km)","AG.LND.TOTL.UR.K2","","","","","","","","","","","","","","","","","","","","","","","","","","","","","","","4016.146484","","","","","","","","","","4016.146484","","","","","","","","","","4016.146484","","","","","","","","","",
"Lower middle income","LMC","Urban land area (sq. km)","AG.LND.TOTL.UR.K2","","","","","","","","","","","","","","","","","","","","","","","","","","","","","","","483518.532926275","","","","","","","","","","483518.532926275","","","","","","","","","","483518.532926275","","","","","","","","","",
"Low & middle income","LMY","Urban land area (sq. km)","AG.LND.TOTL.UR.K2","","","","","","","","","","","","","","","","","","","","","","","","","","","","","","","1852940.32712696","","","","","","","","","","1852940.32712696","","","","","","","","","","1852940.32712696","","","","","","","","","",
"Lesotho","LSO","Urban land area (sq. km)","AG.LND.TOTL.UR.K2","","","","","","","","","","","","","","","","","","","","","","","","","","","","","","","","","","","","","","","","","","","","","","","","","","","","","","","","","","","","",
"Late-demographic dividend","LTE","Urban land area (sq. km)","AG.LND.TOTL.UR.K2","","","","","","","","","","","","","","","","","","","","","","","","","","","","","","","962553.0634535","","","","","","","","","","962553.0634535","","","","","","","","","","962553.0634535","","","","","","","","","",
"Lithuania","LTU","Urban land area (sq. km)","AG.LND.TOTL.UR.K2","","","","","","","","","","","","","","","","","","","","","","","","","","","","","","","4610.856445","","","","","","","","","","4610.856445","","","","","","","","","","4610.856445","","","","","","","","","",
"Luxembourg","LUX","Urban land area (sq. km)","AG.LND.TOTL.UR.K2","","","","","","","","","","","","","","","","","","","","","","","","","","","","","","","801.083374","","","","","","","","","","801.083374","","","","","","","","","","801.083374","","","","","","","","","",
"Latvia","LVA","Urban land area (sq. km)","AG.LND.TOTL.UR.K2","","","","","","","","","","","","","","","","","","","","","","","","","","","","","","","3278.516846","","","","","","","","","","3278.516846","","","","","","","","","","3278.516846","","","","","","","","","",
"Macao SAR, China","MAC","Urban land area (sq. km)","AG.LND.TOTL.UR.K2","","","","","","","","","","","","","","","","","","","","","","","","","","","","","","","17.72437096","","","","","","","","","","17.72437096","","","","","","","","","","17.72437096","","","","","","","","","",
"St. Martin (French part)","MAF","Urban land area (sq. km)","AG.LND.TOTL.UR.K2","","","","","","","","","","","","","","","","","","","","","","","","","","","","","","","","","","","","","","","","","","","","","","","","","","","","","","","","","","","","",
"Morocco","MAR","Urban land area (sq. km)","AG.LND.TOTL.UR.K2","","","","","","","","","","","","","","","","","","","","","","","","","","","","","","","12057.44141","","","","","","","","","","12057.44141","","","","","","","","","","12057.44141","","","","","","","","","",
"Monaco","MCO","Urban land area (sq. km)","AG.LND.TOTL.UR.K2","","","","","","","","","","","","","","","","","","","","","","","","","","","","","","","1.920578122","","","","","","","","","","1.920578122","","","","","","","","","","1.920578122","","","","","","","","","",
"Moldova","MDA","Urban land area (sq. km)","AG.LND.TOTL.UR.K2","","","","","","","","","","","","","","","","","","","","","","","","","","","","","","","2607.522217","","","","","","","","","","2607.522217","","","","","","","","","","2607.522217","","","","","","","","","",
"Madagascar","MDG","Urban land area (sq. km)","AG.LND.TOTL.UR.K2","","","","","","","","","","","","","","","","","","","","","","","","","","","","","","","2272.414795","","","","","","","","","","2272.414795","","","","","","","","","","2272.414795","","","","","","","","","",
"Maldives","MDV","Urban land area (sq. km)","AG.LND.TOTL.UR.K2","","","","","","","","","","","","","","","","","","","","","","","","","","","","","","","0","","","","","","","","","","0","","","","","","","","","","0","","","","","","","","","",
"Middle East & North Africa","MEA","Urban land area (sq. km)","AG.LND.TOTL.UR.K2","","","","","","","","","","","","","","","","","","","","","","","","","","","","","","","261305.5447712","","","","","","","","","","261305.5447712","","","","","","","","","","261305.5447712","","","","","","","","","",
"Mexico","MEX","Urban land area (sq. km)","AG.LND.TOTL.UR.K2","","","","","","","","","","","","","","","","","","","","","","","","","","","","","","","102418.1094","","","","","","","","","","102418.1094","","","","","","","","","","102418.1094","","","","","","","","","",
"Marshall Islands","MHL","Urban land area (sq. km)","AG.LND.TOTL.UR.K2","","","","","","","","","","","","","","","","","","","","","","","","","","","","","","","0","","","","","","","","","","0","","","","","","","","","","0","","","","","","","","","",
"Middle income","MIC","Urban land area (sq. km)","AG.LND.TOTL.UR.K2","","","","","","","","","","","","","","","","","","","","","","","","","","","","","","","1798555.96799116","","","","","","","","","","1798555.96799116","","","","","","","","","","1798555.96799116","","","","","","","","","",
"North Macedonia","MKD","Urban land area (sq. km)","AG.LND.TOTL.UR.K2","","","","","","","","","","","","","","","","","","","","","","","","","","","","","","","2667.351074","","","","","","","","","","2667.351074","","","","","","","","","","2667.351074","","","","","","","","","",
"Mali","MLI","Urban land area (sq. km)","AG.LND.TOTL.UR.K2","","","","","","","","","","","","","","","","","","","","","","","","","","","","","","","2910.42749","","","","","","","","","","2910.42749","","","","","","","","","","2910.42749","","","","","","","","","",
"Malta","MLT","Urban land area (sq. km)","AG.LND.TOTL.UR.K2","","","","","","","","","","","","","","","","","","","","","","","","","","","","","","","293.3409119","","","","","","","","","","293.3409119","","","","","","","","","","293.3409119","","","","","","","","","",
"Myanmar","MMR","Urban land area (sq. km)","AG.LND.TOTL.UR.K2","","","","","","","","","","","","","","","","","","","","","","","","","","","","","","","6960.023438","","","","","","","","","","6960.023438","","","","","","","","","","6960.023438","","","","","","","","","",
"Middle East & North Africa (excluding high income)","MNA","Urban land area (sq. km)","AG.LND.TOTL.UR.K2","","","","","","","","","","","","","","","","","","","","","","","","","","","","","","","193183.2077672","","","","","","","","","","193183.2077672","","","","","","","","","","193183.2077672","","","","","","","","","",
"Montenegro","MNE","Urban land area (sq. km)","AG.LND.TOTL.UR.K2","","","","","","","","","","","","","","","","","","","","","","","","","","","","","","","","","","","","","","","","","","","","","","","","","","","","","","","","","","","","",
"Mongolia","MNG","Urban land area (sq. km)","AG.LND.TOTL.UR.K2","","","","","","","","","","","","","","","","","","","","","","","","","","","","","","","","","","","","","","","","","","","","","","","","","","","","","","","","","","","","",
"Northern Mariana Islands","MNP","Urban land area (sq. km)","AG.LND.TOTL.UR.K2","","","","","","","","","","","","","","","","","","","","","","","","","","","","","","","108.512558","","","","","","","","","","108.512558","","","","","","","","","","108.512558","","","","","","","","","",
"Mozambique","MOZ","Urban land area (sq. km)","AG.LND.TOTL.UR.K2","","","","","","","","","","","","","","","","","","","","","","","","","","","","","","","2739.14502","","","","","","","","","","2739.14502","","","","","","","","","","2739.14502","","","","","","","","","",
"Mauritania","MRT","Urban land area (sq. km)","AG.LND.TOTL.UR.K2","","","","","","","","","","","","","","","","","","","","","","","","","","","","","","","771.6014404","","","","","","","","","","771.6014404","","","","","","","","","","771.6014404","","","","","","","","","",
"Mauritius","MUS","Urban land area (sq. km)","AG.LND.TOTL.UR.K2","","","","","","","","","","","","","","","","","","","","","","","","","","","","","","","1276.015869","","","","","","","","","","1276.015869","","","","","","","","","","1276.015869","","","","","","","","","",
"Malawi","MWI","Urban land area (sq. km)","AG.LND.TOTL.UR.K2","","","","","","","","","","","","","","","","","","","","","","","","","","","","","","","1815.103394","","","","","","","","","","1815.103394","","","","","","","","","","1815.103394","","","","","","","","","",
"Malaysia","MYS","Urban land area (sq. km)","AG.LND.TOTL.UR.K2","","","","","","","","","","","","","","","","","","","","","","","","","","","","","","","15564.95215","","","","","","","","","","15564.95215","","","","","","","","","","15564.95215","","","","","","","","","",
"North America","NAC","Urban land area (sq. km)","AG.LND.TOTL.UR.K2","","","","","","","","","","","","","","","","","","","","","","","","","","","","","","","928603.37159241","","","","","","","","","","928603.37159241","","","","","","","","","","928603.37159241","","","","","","","","","",
"Namibia","NAM","Urban land area (sq. km)","AG.LND.TOTL.UR.K2","","","","","","","","","","","","","","","","","","","","","","","","","","","","","","","2467.779053","","","","","","","","","","2467.779053","","","","","","","","","","2467.779053","","","","","","","","","",
"New Caledonia","NCL","Urban land area (sq. km)","AG.LND.TOTL.UR.K2","","","","","","","","","","","","","","","","","","","","","","","","","","","","","","","208.4334564","","","","","","","","","","208.4334564","","","","","","","","","","208.4334564","","","","","","","","","",
"Niger","NER","Urban land area (sq. km)","AG.LND.TOTL.UR.K2","","","","","","","","","","","","","","","","","","","","","","","","","","","","","","","","","","","","","","","","","","","","","","","","","","","","","","","","","","","","",
"Nigeria","NGA","Urban land area (sq. km)","AG.LND.TOTL.UR.K2","","","","","","","","","","","","","","","","","","","","","","","","","","","","","","","17196.23438","","","","","","","","","","17196.23438","","","","","","","","","","17196.23438","","","","","","","","","",
"Nicaragua","NIC","Urban land area (sq. km)","AG.LND.TOTL.UR.K2","","","","","","","","","","","","","","","","","","","","","","","","","","","","","","","2882.378662","","","","","","","","","","2882.378662","","","","","","","","","","2882.378662","","","","","","","","","",
"Netherlands","NLD","Urban land area (sq. km)","AG.LND.TOTL.UR.K2","","","","","","","","","","","","","","","","","","","","","","","","","","","","","","","12802.99316","","","","","","","","","","12802.99316","","","","","","","","","","12802.99316","","","","","","","","","",
"Norway","NOR","Urban land area (sq. km)","AG.LND.TOTL.UR.K2","","","","","","","","","","","","","","","","","","","","","","","","","","","","","","","20282.20508","","","","","","","","","","20282.20508","","","","","","","","","","20282.20508","","","","","","","","","",
"Nepal","NPL","Urban land area (sq. km)","AG.LND.TOTL.UR.K2","","","","","","","","","","","","","","","","","","","","","","","","","","","","","","","","","","","","","","","","","","","","","","","","","","","","","","","","","","","","",
"Nauru","NRU","Urban land area (sq. km)","AG.LND.TOTL.UR.K2","","","","","","","","","","","","","","","","","","","","","","","","","","","","","","","11.98700333","","","","","","","","","","11.98700333","","","","","","","","","","11.98700333","","","","","","","","","",
"New Zealand","NZL","Urban land area (sq. km)","AG.LND.TOTL.UR.K2","","","","","","","","","","","","","","","","","","","","","","","","","","","","","","","8116.299805","","","","","","","","","","8116.299805","","","","","","","","","","8116.299805","","","","","","","","","",
"OECD members","OED","Urban land area (sq. km)","AG.LND.TOTL.UR.K2","","","","","","","","","","","","","","","","","","","","","","","","","","","","","","","1815927.213971","","","","","","","","","","1815927.213971","","","","","","","","","","1815927.213971","","","","","","","","","",
"Oman","OMN","Urban land area (sq. km)","AG.LND.TOTL.UR.K2","","","","","","","","","","","","","","","","","","","","","","","","","","","","","","","5651.354004","","","","","","","","","","5651.354004","","","","","","","","","","5651.354004","","","","","","","","","",
"Other small states","OSS","Urban land area (sq. km)","AG.LND.TOTL.UR.K2","","","","","","","","","","","","","","","","","","","","","","","","","","","","","","","16640.86603986","","","","","","","","","","16640.86603986","","","","","","","","","","16640.86603986","","","","","","","","","",
"Pakistan","PAK","Urban land area (sq. km)","AG.LND.TOTL.UR.K2","","","","","","","","","","","","","","","","","","","","","","","","","","","","","","","35871.94141","","","","","","","","","","35871.94141","","","","","","","","","","35871.94141","","","","","","","","","",
"Panama","PAN","Urban land area (sq. km)","AG.LND.TOTL.UR.K2","","","","","","","","","","","","","","","","","","","","","","","","","","","","","","","2892.144043","","","","","","","","","","2892.144043","","","","","","","","","","2892.144043","","","","","","","","","",
"Peru","PER","Urban land area (sq. km)","AG.LND.TOTL.UR.K2","","","","","","","","","","","","","","","","","","","","","","","","","","","","","","","16425.76758","","","","","","","","","","16425.76758","","","","","","","","","","16425.76758","","","","","","","","","",
"Philippines","PHL","Urban land area (sq. km)","AG.LND.TOTL.UR.K2","","","","","","","","","","","","","","","","","","","","","","","","","","","","","","","10817.37305","","","","","","","","","","10817.37305","","","","","","","","","","10817.37305","","","","","","","","","",
"Palau","PLW","Urban land area (sq. km)","AG.LND.TOTL.UR.K2","","","","","","","","","","","","","","","","","","","","","","","","","","","","","","","30.74201965","","","","","","","","","","30.74201965","","","","","","","","","","30.74201965","","","","","","","","","",
"Papua New Guinea","PNG","Urban land area (sq. km)","AG.LND.TOTL.UR.K2","","","","","","","","","","","","","","","","","","","","","","","","","","","","","","","2003.610596","","","","","","","","","","2003.610596","","","","","","","","","","2003.610596","","","","","","","","","",
"Poland","POL","Urban land area (sq. km)","AG.LND.TOTL.UR.K2","","","","","","","","","","","","","","","","","","","","","","","","","","","","","","","30501.3418","","","","","","","","","","30501.3418","","","","","","","","","","30501.3418","","","","","","","","","",
"Pre-demographic dividend","PRE","Urban land area (sq. km)","AG.LND.TOTL.UR.K2","","","","","","","","","","","","","","","","","","","","","","","","","","","","","","","82664.21513266","","","","","","","","","","82664.21513266","","","","","","","","","","82664.21513266","","","","","","","","","",
"Puerto Rico","PRI","Urban land area (sq. km)","AG.LND.TOTL.UR.K2","","","","","","","","","","","","","","","","","","","","","","","","","","","","","","","8511.401367","","","","","","","","","","8511.401367","","","","","","","","","","8511.401367","","","","","","","","","",
"Korea, Dem. People’s Rep.","PRK","Urban land area (sq. km)","AG.LND.TOTL.UR.K2","","","","","","","","","","","","","","","","","","","","","","","","","","","","","","","2343.61377","","","","","","","","","","2343.61377","","","","","","","","","","2343.61377","","","","","","","","","",
"Portugal","PRT","Urban land area (sq. km)","AG.LND.TOTL.UR.K2","","","","","","","","","","","","","","","","","","","","","","","","","","","","","","","12764.67676","","","","","","","","","","12764.67676","","","","","","","","","","12764.67676","","","","","","","","","",
"Paraguay","PRY","Urban land area (sq. km)","AG.LND.TOTL.UR.K2","","","","","","","","","","","","","","","","","","","","","","","","","","","","","","","","","","","","","","","","","","","","","","","","","","","","","","","","","","","","",
"West Bank and Gaza","PSE","Urban land area (sq. km)","AG.LND.TOTL.UR.K2","","","","","","","","","","","","","","","","","","","","","","","","","","","","","","","2496.458252","","","","","","","","","","2496.458252","","","","","","","","","","2496.458252","","","","","","","","","",
"Pacific island small states","PSS","Urban land area (sq. km)","AG.LND.TOTL.UR.K2","","","","","","","","","","","","","","","","","","","","","","","","","","","","","","","2495.945557185","","","","","","","","","","2495.945557185","","","","","","","","","","2495.945557185","","","","","","","","","",
"Post-demographic dividend","PST","Urban land area (sq. km)","AG.LND.TOTL.UR.K2","","","","","","","","","","","","","","","","","","","","","","","","","","","","","","","1673621.02028356","","","","","","","","","","1673621.02028356","","","","","","","","","","1673621.02028356","","","","","","","","","",
"French Polynesia","PYF","Urban land area (sq. km)","AG.LND.TOTL.UR.K2","","","","","","","","","","","","","","","","","","","","","","","","","","","","","","","238.1499786","","","","","","","","","","238.1499786","","","","","","","","","","238.1499786","","","","","","","","","",
"Qatar","QAT","Urban land area (sq. km)","AG.LND.TOTL.UR.K2","","","","","","","","","","","","","","","","","","","","","","","","","","","","","","","1495.149292","","","","","","","","","","1495.149292","","","","","","","","","","1495.149292","","","","","","","","","",
"Romania","ROU","Urban land area (sq. km)","AG.LND.TOTL.UR.K2","","","","","","","","","","","","","","","","","","","","","","","","","","","","","","","15594.78906","","","","","","","","","","15594.78906","","","","","","","","","","15594.78906","","","","","","","","","",
"Russian Federation","RUS","Urban land area (sq. km)","AG.LND.TOTL.UR.K2","","","","","","","","","","","","","","","","","","","","","","","","","","","","","","","187538.1445","","","","","","","","","","187538.1445","","","","","","","","","","187538.1445","","","","","","","","","",
"Rwanda","RWA","Urban land area (sq. km)","AG.LND.TOTL.UR.K2","","","","","","","","","","","","","","","","","","","","","","","","","","","","","","","","","","","","","","","","","","","","","","","","","","","","","","","","","","","","",
"South Asia","SAS","Urban land area (sq. km)","AG.LND.TOTL.UR.K2","","","","","","","","","","","","","","","","","","","","","","","","","","","","","","","273701.713894","","","","","","","","","","273701.713894","","","","","","","","","","273701.713894","","","","","","","","","",
"Saudi Arabia","SAU","Urban land area (sq. km)","AG.LND.TOTL.UR.K2","","","","","","","","","","","","","","","","","","","","","","","","","","","","","","","41223.73828","","","","","","","","","","41223.73828","","","","","","","","","","41223.73828","","","","","","","","","",
"Sudan","SDN","Urban land area (sq. km)","AG.LND.TOTL.UR.K2","","","","","","","","","","","","","","","","","","","","","","","","","","","","","","","6517.513672","","","","","","","","","","6517.513672","","","","","","","","","","6517.513672","","","","","","","","","",
"Senegal","SEN","Urban land area (sq. km)","AG.LND.TOTL.UR.K2","","","","","","","","","","","","","","","","","","","","","","","","","","","","","","","1796.192627","","","","","","","","","","1796.192627","","","","","","","","","","1796.192627","","","","","","","","","",
"Singapore","SGP","Urban land area (sq. km)","AG.LND.TOTL.UR.K2","","","","","","","","","","","","","","","","","","","","","","","","","","","","","","","565.5597534","","","","","","","","","","565.5597534","","","","","","","","","","565.5597534","","","","","","","","","",
"Solomon Islands","SLB","Urban land area (sq. km)","AG.LND.TOTL.UR.K2","","","","","","","","","","","","","","","","","","","","","","","","","","","","","","","72.10932922","","","","","","","","","","72.10932922","","","","","","","","","","72.10932922","","","","","","","","","",
"Sierra Leone","SLE","Urban land area (sq. km)","AG.LND.TOTL.UR.K2","","","","","","","","","","","","","","","","","","","","","","","","","","","","","","","710.4832764","","","","","","","","","","710.4832764","","","","","","","","","","710.4832764","","","","","","","","","",
"El Salvador","SLV","Urban land area (sq. km)","AG.LND.TOTL.UR.K2","","","","","","","","","","","","","","","","","","","","","","","","","","","","","","","3598.269287","","","","","","","","","","3598.269287","","","","","","","","","","3598.269287","","","","","","","","","",
"San Marino","SMR","Urban land area (sq. km)","AG.LND.TOTL.UR.K2","","","","","","","","","","","","","","","","","","","","","","","","","","","","","","","57.78162003","","","","","","","","","","57.78162003","","","","","","","","","","57.78162003","","","","","","","","","",
"Somalia","SOM","Urban land area (sq. km)","AG.LND.TOTL.UR.K2","","","","","","","","","","","","","","","","","","","","","","","","","","","","","","","398.7160645","","","","","","","","","","398.7160645","","","","","","","","","","398.7160645","","","","","","","","","",
"Serbia","SRB","Urban land area (sq. km)","AG.LND.TOTL.UR.K2","","","","","","","","","","","","","","","","","","","","","","","","","","","","","","","","","","","","","","","","","","","","","","","","","","","","","","","","","","","","",
"Sub-Saharan Africa (excluding high income)","SSA","Urban land area (sq. km)","AG.LND.TOTL.UR.K2","","","","","","","","","","","","","","","","","","","","","","","","","","","","","","","140372.51646203","","","","","","","","","","140372.51646203","","","","","","","","","","140372.51646203","","","","","","","","","",
"South Sudan","SSD","Urban land area (sq. km)","AG.LND.TOTL.UR.K2","","","","","","","","","","","","","","","","","","","","","","","","","","","","","","","","","","","","","","","","","","","","","","","","","","","","","","","","","","","","",
"Sub-Saharan Africa","SSF","Urban land area (sq. km)","AG.LND.TOTL.UR.K2","","","","","","","","","","","","","","","","","","","","","","","","","","","","","","","140495.02694483","","","","","","","","","","140495.02694483","","","","","","","","","","140495.02694483","","","","","","","","","",
"Small states","SST","Urban land area (sq. km)","AG.LND.TOTL.UR.K2","","","","","","","","","","","","","","","","","","","","","","","","","","","","","","","28478.632230145","","","","","","","","","","28478.632230145","","","","","","","","","","28478.632230145","","","","","","","","","",
"Sao Tome and Principe","STP","Urban land area (sq. km)","AG.LND.TOTL.UR.K2","","","","","","","","","","","","","","","","","","","","","","","","","","","","","","","68.23683167","","","","","","","","","","68.23683167","","","","","","","","","","68.23683167","","","","","","","","","",
"Suriname","SUR","Urban land area (sq. km)","AG.LND.TOTL.UR.K2","","","","","","","","","","","","","","","","","","","","","","","","","","","","","","","692.7034912","","","","","","","","","","692.7034912","","","","","","","","","","692.7034912","","","","","","","","","",
"Slovak Republic","SVK","Urban land area (sq. km)","AG.LND.TOTL.UR.K2","","","","","","","","","","","","","","","","","","","","","","","","","","","","","","","","","","","","","","","","","","","","","","","","","","","","","","","","","","","","",
"Slovenia","SVN","Urban land area (sq. km)","AG.LND.TOTL.UR.K2","","","","","","","","","","","","","","","","","","","","","","","","","","","","","","","2509.15625","","","","","","","","","","2509.15625","","","","","","","","","","2509.15625","","","","","","","","","",
"Sweden","SWE","Urban land area (sq. km)","AG.LND.TOTL.UR.K2","","","","","","","","","","","","","","","","","","","","","","","","","","","","","","","31152.32031","","","","","","","","","","31152.32031","","","","","","","","","","31152.32031","","","","","","","","","",
"Eswatini","SWZ","Urban land area (sq. km)","AG.LND.TOTL.UR.K2","","","","","","","","","","","","","","","","","","","","","","","","","","","","","","","802.2711182","","","","","","","","","","802.2711182","","","","","","","","","","802.2711182","","","","","","","","","",
"Sint Maarten (Dutch part)","SXM","Urban land area (sq. km)","AG.LND.TOTL.UR.K2","","","","","","","","","","","","","","","","","","","","","","","","","","","","","","","","","","","","","","","","","","","","","","","","","","","","","","","","","","","","",
"Seychelles","SYC","Urban land area (sq. km)","AG.LND.TOTL.UR.K2","","","","","","","","","","","","","","","","","","","","","","","","","","","","","","","122.5104828","","","","","","","","","","122.5104828","","","","","","","","","","122.5104828","","","","","","","","","",
"Syrian Arab Republic","SYR","Urban land area (sq. km)","AG.LND.TOTL.UR.K2","","","","","","","","","","","","","","","","","","","","","","","","","","","","","","","11955.19727","","","","","","","","","","11955.19727","","","","","","","","","","11955.19727","","","","","","","","","",
"Turks and Caicos Islands","TCA","Urban land area (sq. km)","AG.LND.TOTL.UR.K2","","","","","","","","","","","","","","","","","","","","","","","","","","","","","","","17.49214363","","","","","","","","","","17.49214363","","","","","","","","","","17.49214363","","","","","","","","","",
"Chad","TCD","Urban land area (sq. km)","AG.LND.TOTL.UR.K2","","","","","","","","","","","","","","","","","","","","","","","","","","","","","","","","","","","","","","","","","","","","","","","","","","","","","","","","","","","","",
"East Asia & Pacific (IDA & IBRD countries)","TEA","Urban land area (sq. km)","AG.LND.TOTL.UR.K2","","","","","","","","","","","","","","","","","","","","","","","","","","","","","","","507314.326138585","","","","","","","","","","507314.326138585","","","","","","","","","","507314.326138585","","","","","","","","","",
"Europe & Central Asia (IDA & IBRD countries)","TEC","Urban land area (sq. km)","AG.LND.TOTL.UR.K2","","","","","","","","","","","","","","","","","","","","","","","","","","","","","","","341939.544644","","","","","","","","","","341939.544644","","","","","","","","","","341939.544644","","","","","","","","","",
"Togo","TGO","Urban land area (sq. km)","AG.LND.TOTL.UR.K2","","","","","","","","","","","","","","","","","","","","","","","","","","","","","","","1663.073608","","","","","","","","","","1663.073608","","","","","","","","","","1663.073608","","","","","","","","","",
"Thailand","THA","Urban land area (sq. km)","AG.LND.TOTL.UR.K2","","","","","","","","","","","","","","","","","","","","","","","","","","","","","","","36597.01563","","","","","","","","","","36597.01563","","","","","","","","","","36597.01563","","","","","","","","","",
"Tajikistan","TJK","Urban land area (sq. km)","AG.LND.TOTL.UR.K2","","","","","","","","","","","","","","","","","","","","","","","","","","","","","","","","","","","","","","","","","","","","","","","","","","","","","","","","","","","","",
"Turkmenistan","TKM","Urban land area (sq. km)","AG.LND.TOTL.UR.K2","","","","","","","","","","","","","","","","","","","","","","","","","","","","","","","","","","","","","","","","","","","","","","","","","","","","","","","","","","","","",
"Latin America & the Caribbean (IDA & IBRD countries)","TLA","Urban land area (sq. km)","AG.LND.TOTL.UR.K2","","","","","","","","","","","","","","","","","","","","","","","","","","","","","","","442624.7006104","","","","","","","","","","442624.7006104","","","","","","","","","","442624.7006104","","","","","","","","","",
"Timor-Leste","TLS","Urban land area (sq. km)","AG.LND.TOTL.UR.K2","","","","","","","","","","","","","","","","","","","","","","","","","","","","","","","359.4190674","","","","","","","","","","359.4190674","","","","","","","","","","359.4190674","","","","","","","","","",
"Middle East & North Africa (IDA & IBRD countries)","TMN","Urban land area (sq. km)","AG.LND.TOTL.UR.K2","","","","","","","","","","","","","","","","","","","","","","","","","","","","","","","190686.7495152","","","","","","","","","","190686.7495152","","","","","","","","","","190686.7495152","","","","","","","","","",
"Tonga","TON","Urban land area (sq. km)","AG.LND.TOTL.UR.K2","","","","","","","","","","","","","","","","","","","","","","","","","","","","","","","181.8270264","","","","","","","","","","181.8270264","","","","","","","","","","181.8270264","","","","","","","","","",
"South Asia (IDA & IBRD)","TSA","Urban land area (sq. km)","AG.LND.TOTL.UR.K2","","","","","","","","","","","","","","","","","","","","","","","","","","","","","","","273701.713894","","","","","","","","","","273701.713894","","","","","","","","","","273701.713894","","","","","","","","","",
"Sub-Saharan Africa (IDA & IBRD countries)","TSS","Urban land area (sq. km)","AG.LND.TOTL.UR.K2","","","","","","","","","","","","","","","","","","","","","","","","","","","","","","","140495.02694483","","","","","","","","","","140495.02694483","","","","","","","","","","140495.02694483","","","","","","","","","",
"Trinidad and Tobago","TTO","Urban land area (sq. km)","AG.LND.TOTL.UR.K2","","","","","","","","","","","","","","","","","","","","","","","","","","","","","","","2286.748047","","","","","","","","","","2286.748047","","","","","","","","","","2286.748047","","","","","","","","","",
"Tunisia","TUN","Urban land area (sq. km)","AG.LND.TOTL.UR.K2","","","","","","","","","","","","","","","","","","","","","","","","","","","","","","","9897.881836","","","","","","","","","","9897.881836","","","","","","","","","","9897.881836","","","","","","","","","",
"Turkey","TUR","Urban land area (sq. km)","AG.LND.TOTL.UR.K2","","","","","","","","","","","","","","","","","","","","","","","","","","","","","","","44090.15625","","","","","","","","","","44090.15625","","","","","","","","","","44090.15625","","","","","","","","","",
"Tuvalu","TUV","Urban land area (sq. km)","AG.LND.TOTL.UR.K2","","","","","","","","","","","","","","","","","","","","","","","","","","","","","","","0","","","","","","","","","","0","","","","","","","","","","0","","","","","","","","","",
"Tanzania","TZA","Urban land area (sq. km)","AG.LND.TOTL.UR.K2","","","","","","","","","","","","","","","","","","","","","","","","","","","","","","","3405.80542","","","","","","","","","","3405.80542","","","","","","","","","","3405.80542","","","","","","","","","",
"Uganda","UGA","Urban land area (sq. km)","AG.LND.TOTL.UR.K2","","","","","","","","","","","","","","","","","","","","","","","","","","","","","","","","","","","","","","","","","","","","","","","","","","","","","","","","","","","","",
"Ukraine","UKR","Urban land area (sq. km)","AG.LND.TOTL.UR.K2","","","","","","","","","","","","","","","","","","","","","","","","","","","","","","","32160.1582","","","","","","","","","","32160.1582","","","","","","","","","","32160.1582","","","","","","","","","",
"Upper middle income","UMC","Urban land area (sq. km)","AG.LND.TOTL.UR.K2","","","","","","","","","","","","","","","","","","","","","","","","","","","","","","","1315037.43506489","","","","","","","","","","1315037.43506489","","","","","","","","","","1315037.43506489","","","","","","","","","",
"Uruguay","URY","Urban land area (sq. km)","AG.LND.TOTL.UR.K2","","","","","","","","","","","","","","","","","","","","","","","","","","","","","","","4689.679688","","","","","","","","","","4689.679688","","","","","","","","","","4689.679688","","","","","","","","","",
"United States","USA","Urban land area (sq. km)","AG.LND.TOTL.UR.K2","","","","","","","","","","","","","","","","","","","","","","","","","","","","","","","802053.5923","","","","","","","","","","802053.5923","","","","","","","","","","802053.5923","","","","","","","","","",
"Uzbekistan","UZB","Urban land area (sq. km)","AG.LND.TOTL.UR.K2","","","","","","","","","","","","","","","","","","","","","","","","","","","","","","","","","","","","","","","","","","","","","","","","","","","","","","","","","","","","",
"St. Vincent and the Grenadines","VCT","Urban land area (sq. km)","AG.LND.TOTL.UR.K2","","","","","","","","","","","","","","","","","","","","","","","","","","","","","","","111.6811523","","","","","","","","","","111.6811523","","","","","","","","","","111.6811523","","","","","","","","","",
"Venezuela, RB","VEN","Urban land area (sq. km)","AG.LND.TOTL.UR.K2","","","","","","","","","","","","","","","","","","","","","","","","","","","","","","","34403.92578","","","","","","","","","","34403.92578","","","","","","","","","","34403.92578","","","","","","","","","",
"British Virgin Islands","VGB","Urban land area (sq. km)","AG.LND.TOTL.UR.K2","","","","","","","","","","","","","","","","","","","","","","","","","","","","","","","51.4707756","","","","","","","","","","51.4707756","","","","","","","","","","51.4707756","","","","","","","","","",
"Virgin Islands (U.S.)","VIR","Urban land area (sq. km)","AG.LND.TOTL.UR.K2","","","","","","","","","","","","","","","","","","","","","","","","","","","","","","","302.0132141","","","","","","","","","","302.0132141","","","","","","","","","","302.0132141","","","","","","","","","",
"Vietnam","VNM","Urban land area (sq. km)","AG.LND.TOTL.UR.K2","","","","","","","","","","","","","","","","","","","","","","","","","","","","","","","7589.041504","","","","","","","","","","7589.041504","","","","","","","","","","7589.041504","","","","","","","","","",
"Vanuatu","VUT","Urban land area (sq. km)","AG.LND.TOTL.UR.K2","","","","","","","","","","","","","","","","","","","","","","","","","","","","","","","97.80545807","","","","","","","","","","97.80545807","","","","","","","","","","97.80545807","","","","","","","","","",
"World","WLD","Urban land area (sq. km)","AG.LND.TOTL.UR.K2","","","","","","","","","","","","","","","","","","","","","","","","","","","","","","","3629312.18700318","","","","","","","","","","3629312.18700318","","","","","","","","","","3629312.18700318","","","","","","","","","",
"Samoa","WSM","Urban land area (sq. km)","AG.LND.TOTL.UR.K2","","","","","","","","","","","","","","","","","","","","","","","","","","","","","","","108.1327591","","","","","","","","","","108.1327591","","","","","","","","","","108.1327591","","","","","","","","","",
"Kosovo","XKX","Urban land area (sq. km)","AG.LND.TOTL.UR.K2","","","","","","","","","","","","","","","","","","","","","","","","","","","","","","","","","","","","","","","","","","","","","","","","","","","","","","","","","","","","",
"Yemen, Rep.","YEM","Urban land area (sq. km)","AG.LND.TOTL.UR.K2","","","","","","","","","","","","","","","","","","","","","","","","","","","","","","","4703.399902","","","","","","","","","","4703.399902","","","","","","","","","","4703.399902","","","","","","","","","",
"South Africa","ZAF","Urban land area (sq. km)","AG.LND.TOTL.UR.K2","","","","","","","","","","","","","","","","","","","","","","","","","","","","","","","53460.3125","","","","","","","","","","53460.3125","","","","","","","","","","53460.3125","","","","","","","","","",
"Zambia","ZMB","Urban land area (sq. km)","AG.LND.TOTL.UR.K2","","","","","","","","","","","","","","","","","","","","","","","","","","","","","","","","","","","","","","","","","","","","","","","","","","","","","","","","","","","","",
"Zimbabwe","ZWE","Urban land area (sq. km)","AG.LND.TOTL.UR.K2","","","","","","","","","","","","","","","","","","","","","","","","","","","","","","","","","","","","","","","","","","","","","","","","","","","","","","","","","","","","",
